{
  "P2-1_embargo": {
    "arm_a": "no_embargo",
    "arm_b": "with_embargo",
    "per_n": {
      "10": {
        "common_stocks": 16,
        "rows": {
          "total_return": {
            "a_mean": 0.25622947670679963,
            "b_mean": 0.25138982229937584,
            "diff_mean": -0.004839654407423788,
            "a_wins": 9,
            "b_wins": 7
          },
          "annualized_return": {
            "a_mean": 0.06889312103755893,
            "b_mean": 0.06578442048656208,
            "diff_mean": -0.0031087005509968513,
            "a_wins": 9,
            "b_wins": 7
          },
          "sharpe": {
            "a_mean": 0.3407271918233916,
            "b_mean": 0.30311284775604147,
            "diff_mean": -0.03761434406735015,
            "a_wins": 11,
            "b_wins": 5
          },
          "max_drawdown": {
            "a_mean": 0.26238057747749005,
            "b_mean": 0.2673421749469756,
            "diff_mean": 0.004961597469485546,
            "a_wins": 8,
            "b_wins": 8
          },
          "win_rate": {
            "a_mean": 0.5453488335456282,
            "b_mean": 0.5402870518523717,
            "diff_mean": -0.005061781693256551,
            "a_wins": 8,
            "b_wins": 8
          },
          "avg_trade_ret_%": {
            "a_mean": 2.2879889778047855,
            "b_mean": 2.2124762432920395,
            "diff_mean": -0.07551273451274598,
            "a_wins": 9,
            "b_wins": 7
          },
          "trade_count": {
            "a_mean": 184.875,
            "b_mean": 185.25,
            "diff_mean": 0.375,
            "a_wins": 0,
            "b_wins": 0
          }
        }
      }
    }
  },
  "P0-1_composite_vs_lgblgb": {
    "arm_a": "composite_verdict",
    "arm_b": "ml_factor_lgb_lgb",
    "per_n": {
      "10": {
        "common_stocks": 16,
        "rows": {
          "total_return": {
            "a_mean": 0.10119501754812431,
            "b_mean": 0.13507764775219938,
            "diff_mean": 0.03388263020407507,
            "a_wins": 8,
            "b_wins": 8
          },
          "annualized_return": {
            "a_mean": 0.030873220491194585,
            "b_mean": 0.03634626941100267,
            "diff_mean": 0.005473048919808085,
            "a_wins": 8,
            "b_wins": 8
          },
          "sharpe": {
            "a_mean": 0.1209964630491056,
            "b_mean": 0.10310427732473289,
            "diff_mean": -0.017892185724372706,
            "a_wins": 8,
            "b_wins": 8
          },
          "max_drawdown": {
            "a_mean": 0.04599581300082597,
            "b_mean": 0.17111378152330786,
            "diff_mean": 0.1251179685224819,
            "a_wins": 15,
            "b_wins": 1
          },
          "win_rate": {
            "a_mean": 0.5554092807373687,
            "b_mean": 0.4698109653705241,
            "diff_mean": -0.08559831536684465,
            "a_wins": 13,
            "b_wins": 3
          },
          "avg_trade_ret_%": {
            "a_mean": 4.334958439316703,
            "b_mean": 1.1949993860177868,
            "diff_mean": -3.1399590532989166,
            "a_wins": 11,
            "b_wins": 5
          },
          "trade_count": {
            "a_mean": 36.8125,
            "b_mean": 220.0,
            "diff_mean": 183.1875,
            "a_wins": 0,
            "b_wins": 0
          }
        }
      }
    }
  },
  "P0-2_lassoic_vs_lgblgb": {
    "arm_a": "lasso_ic_baseline",
    "arm_b": "lgb_lgb_default",
    "per_n": {
      "10": {
        "common_stocks": 16,
        "rows": {
          "total_return": {
            "a_mean": 0.25622947670679963,
            "b_mean": 0.13507764775219938,
            "diff_mean": -0.12115182895460025,
            "a_wins": 10,
            "b_wins": 6
          },
          "annualized_return": {
            "a_mean": 0.06889312103755893,
            "b_mean": 0.03634626941100267,
            "diff_mean": -0.03254685162655626,
            "a_wins": 10,
            "b_wins": 6
          },
          "sharpe": {
            "a_mean": 0.3407271918233916,
            "b_mean": 0.10310427732473289,
            "diff_mean": -0.23762291449865874,
            "a_wins": 10,
            "b_wins": 6
          },
          "max_drawdown": {
            "a_mean": 0.26238057747749005,
            "b_mean": 0.17111378152330786,
            "diff_mean": -0.09126679595418219,
            "a_wins": 2,
            "b_wins": 14
          },
          "win_rate": {
            "a_mean": 0.5453488335456282,
            "b_mean": 0.4698109653705241,
            "diff_mean": -0.07553786817510416,
            "a_wins": 11,
            "b_wins": 5
          },
          "avg_trade_ret_%": {
            "a_mean": 2.2879889778047855,
            "b_mean": 1.1949993860177868,
            "diff_mean": -1.0929895917869987,
            "a_wins": 11,
            "b_wins": 5
          },
          "trade_count": {
            "a_mean": 184.875,
            "b_mean": 220.0,
            "diff_mean": 35.125,
            "a_wins": 0,
            "b_wins": 0
          }
        }
      }
    }
  },
  "P1-1_lassoic_vs_lgbic": {
    "arm_a": "lasso_ic",
    "arm_b": "lgb_ic",
    "per_n": {
      "10": {
        "common_stocks": 16,
        "rows": {
          "total_return": {
            "a_mean": 0.25622947670679963,
            "b_mean": 0.24490399135493132,
            "diff_mean": -0.011325485351868309,
            "a_wins": 9,
            "b_wins": 7
          },
          "annualized_return": {
            "a_mean": 0.06889312103755893,
            "b_mean": 0.06591723066419511,
            "diff_mean": -0.002975890373363821,
            "a_wins": 9,
            "b_wins": 7
          },
          "sharpe": {
            "a_mean": 0.3407271918233916,
            "b_mean": 0.3276140987561332,
            "diff_mean": -0.013113093067258441,
            "a_wins": 9,
            "b_wins": 7
          },
          "max_drawdown": {
            "a_mean": 0.26238057747749005,
            "b_mean": 0.2629574636361643,
            "diff_mean": 0.0005768861586742391,
            "a_wins": 7,
            "b_wins": 6
          },
          "win_rate": {
            "a_mean": 0.5453488335456282,
            "b_mean": 0.5434679935180333,
            "diff_mean": -0.001880840027594921,
            "a_wins": 9,
            "b_wins": 4
          },
          "avg_trade_ret_%": {
            "a_mean": 2.2879889778047855,
            "b_mean": 2.2291686041045153,
            "diff_mean": -0.05882037370027016,
            "a_wins": 10,
            "b_wins": 6
          },
          "trade_count": {
            "a_mean": 184.875,
            "b_mean": 183.875,
            "diff_mean": -1.0,
            "a_wins": 0,
            "b_wins": 0
          }
        }
      }
    }
  },
  "P1-2_lgbic_vs_lgblgb": {
    "arm_a": "lgb_ic",
    "arm_b": "lgb_lgb",
    "per_n": {
      "10": {
        "common_stocks": 16,
        "rows": {
          "total_return": {
            "a_mean": 0.24490399135493132,
            "b_mean": 0.12607208460461872,
            "diff_mean": -0.1188319067503126,
            "a_wins": 12,
            "b_wins": 4
          },
          "annualized_return": {
            "a_mean": 0.06591723066419511,
            "b_mean": 0.03536081792018852,
            "diff_mean": -0.03055641274400659,
            "a_wins": 12,
            "b_wins": 4
          },
          "sharpe": {
            "a_mean": 0.3276140987561332,
            "b_mean": 0.14771097181062712,
            "diff_mean": -0.17990312694550606,
            "a_wins": 12,
            "b_wins": 4
          },
          "max_drawdown": {
            "a_mean": 0.2629574636361643,
            "b_mean": 0.1811651043355102,
            "diff_mean": -0.0817923593006541,
            "a_wins": 2,
            "b_wins": 14
          },
          "win_rate": {
            "a_mean": 0.5434679935180333,
            "b_mean": 0.4768222858744394,