{
  "P2-1_embargo": {
    "arm_a": "no_embargo",
    "arm_b": "with_embargo",
    "per_n": {
      "10": {
        "common_stocks": 16,
        "rows": {
          "total_return": {
            "a_mean": 0.25304212689069305,
            "b_mean": 0.26658715235756686,
            "diff_mean": 0.013545025466873806,
            "a_wins": 5,
            "b_wins": 11
          },
          "annualized_return": {
            "a_mean": 0.06794410209938981,
            "b_mean": 0.07000285244014046,
            "diff_mean": 0.002058750340750648,
            "a_wins": 5,
            "b_wins": 11
          },
          "sharpe": {
            "a_mean": 0.33440262684845495,
            "b_mean": 0.3182712145892103,
            "diff_mean": -0.016131412259244637,
            "a_wins": 7,
            "b_wins": 9
          },
          "max_drawdown": {
            "a_mean": 0.26582656623221024,
            "b_mean": 0.2687964443002338,
            "diff_mean": 0.002969878068023568,
            "a_wins": 7,
            "b_wins": 9
          },
          "win_rate": {
            "a_mean": 0.5390077263083117,
            "b_mean": 0.5367459585379164,
            "diff_mean": -0.0022617677703953287,
            "a_wins": 8,
            "b_wins": 8
          },
          "avg_trade_ret_%": {
            "a_mean": 2.240647336666069,
            "b_mean": 2.272106627871719,
            "diff_mean": 0.031459291205650164,
            "a_wins": 7,
            "b_wins": 9
          },
          "trade_count": {
            "a_mean": 184.5625,
            "b_mean": 185.75,
            "diff_mean": 1.1875,
            "a_wins": 0,
            "b_wins": 0
          }
        }
      }
    }
  },
  "P0-1_composite_vs_lgblgb": {
    "arm_a": "composite_verdict",
    "arm_b": "ml_factor_lgb_lgb",
    "per_n": {
      "10": {
        "common_stocks": 16,
        "rows": {
          "total_return": {
            "a_mean": 0.09985571892052161,
            "b_mean": 0.14684575013269927,
            "diff_mean": 0.04699003121217765,
            "a_wins": 9,
            "b_wins": 7
          },
          "annualized_return": {
            "a_mean": 0.030447523249737207,
            "b_mean": 0.03876279266514987,
            "diff_mean": 0.008315269415412663,
            "a_wins": 9,
            "b_wins": 7
          },
          "sharpe": {
            "a_mean": 0.10860436438337684,
            "b_mean": 0.12385622086561722,
            "diff_mean": 0.01525185648224038,
            "a_wins": 8,
            "b_wins": 8
          },
          "max_drawdown": {
            "a_mean": 0.046048799128536405,
            "b_mean": 0.1759607600732024,
            "diff_mean": 0.129911960944666,
            "a_wins": 15,
            "b_wins": 1
          },
          "win_rate": {
            "a_mean": 0.5524784215806939,
            "b_mean": 0.4880083928811407,
            "diff_mean": -0.06447002869955326,
            "a_wins": 11,
            "b_wins": 5
          },
          "avg_trade_ret_%": {
            "a_mean": 4.30884440143708,
            "b_mean": 1.3099910868228732,
            "diff_mean": -2.9988533146142062,
            "a_wins": 11,
            "b_wins": 5
          },
          "trade_count": {
            "a_mean": 36.8125,
            "b_mean": 221.625,
            "diff_mean": 184.8125,
            "a_wins": 0,
            "b_wins": 0
          }
        }
      }
    }
  },
  "P0-2_lassoic_vs_lgblgb": {
    "arm_a": "lasso_ic_baseline",
    "arm_b": "lgb_lgb_default",
    "per_n": {
      "10": {
        "common_stocks": 16,
        "rows": {
          "total_return": {
            "a_mean": 0.25304212689069305,
            "b_mean": 0.14684575013269927,
            "diff_mean": -0.10619637675799379,
            "a_wins": 8,
            "b_wins": 8
          },
          "annualized_return": {
            "a_mean": 0.06794410209938981,
            "b_mean": 0.03876279266514987,
            "diff_mean": -0.029181309434239938,
            "a_wins": 8,
            "b_wins": 8
          },
          "sharpe": {
            "a_mean": 0.33440262684845495,
            "b_mean": 0.12385622086561722,
            "diff_mean": -0.21054640598283775,
            "a_wins": 8,
            "b_wins": 8
          },
          "max_drawdown": {
            "a_mean": 0.26582656623221024,
            "b_mean": 0.1759607600732024,
            "diff_mean": -0.08986580615900783,
            "a_wins": 1,
            "b_wins": 15
          },
          "win_rate": {
            "a_mean": 0.5390077263083117,
            "b_mean": 0.4880083928811407,
            "diff_mean": -0.050999333427171056,
            "a_wins": 10,
            "b_wins": 6
          },
          "avg_trade_ret_%": {
            "a_mean": 2.240647336666069,
            "b_mean": 1.3099910868228732,
            "diff_mean": -0.9306562498431956,
            "a_wins": 8,
            "b_wins": 8
          },
          "trade_count": {
            "a_mean": 184.5625,
            "b_mean": 221.625,
            "diff_mean": 37.0625,
            "a_wins": 0,
            "b_wins": 0
          }
        }
      }
    }
  },
  "P1-1_lassoic_vs_lgbic": {
    "arm_a": "lasso_ic",
    "arm_b": "lgb_ic",
    "per_n": {
      "10": {
        "common_stocks": 16,
        "rows": {
          "total_return": {
            "a_mean": 0.25304212689069305,
            "b_mean": 0.2517660158481653,
            "diff_mean": -0.0012761110425277278,
            "a_wins": 7,
            "b_wins": 4
          },
          "annualized_return": {
            "a_mean": 0.06794410209938981,
            "b_mean": 0.06780396410394221,
            "diff_mean": -0.00014013799544759786,
            "a_wins": 7,
            "b_wins": 4
          },
          "sharpe": {
            "a_mean": 0.33440262684845495,
            "b_mean": 0.3359198225818204,
            "diff_mean": 0.0015171957333654507,
            "a_wins": 7,
            "b_wins": 4
          },
          "max_drawdown": {
            "a_mean": 0.26582656623221024,
            "b_mean": 0.26582765516980394,
            "diff_mean": 1.0889375937073176e-06,
            "a_wins": 2,
            "b_wins": 2
          },
          "win_rate": {
            "a_mean": 0.5390077263083117,
            "b_mean": 0.5386668580572407,
            "diff_mean": -0.000340868251071047,
            "a_wins": 5,
            "b_wins": 3
          },
          "avg_trade_ret_%": {
            "a_mean": 2.240647336666069,
            "b_mean": 2.2419683117607634,
            "diff_mean": 0.001320975094694532,
            "a_wins": 6,
            "b_wins": 5
          },
          "trade_count": {
            "a_mean": 184.5625,
            "b_mean": 184.625,
            "diff_mean": 0.0625,
            "a_wins": 0,
            "b_wins": 0
          }
        }
      }
    }
  },
  "P1-2_lgbic_vs_lgblgb": {
    "arm_a": "lgb_ic",
    "arm_b": "lgb_lgb",
    "per_n": {
      "10": {
        "common_stocks": 16,
        "rows": {
          "total_return": {
            "a_mean": 0.2517660158481653,
            "b_mean": 0.1545619654754694,
            "diff_mean": -0.09720405037269592,
            "a_wins": 9,
            "b_wins": 7
          },
          "annualized_return": {
            "a_mean": 0.06780396410394221,
            "b_mean": 0.04215424290445655,
            "diff_mean": -0.025649721199485657,
            "a_wins": 9,
            "b_wins": 7
          },
          "sharpe": {
            "a_mean": 0.3359198225818204,
            "b_mean": 0.18227456491516827,
            "diff_mean": -0.15364525766665213,
            "a_wins": 9,
            "b_wins": 7
          },
          "max_drawdown": {
            "a_mean": 0.26582765516980394,
            "b_mean": 0.17061422268205753,
            "diff_mean": -0.09521343248774641,
            "a_wins": 4,
            "b_wins": 12
          },
          "win_rate": {
            "a_mean": 0.5386668580572407,
            "b_mean": 0.4973131210985928,